{
  "best_model_name": "random_forest_classifier",
  "train_rows": 756,
  "test_rows": 715,
  "target_col": "label_case_prioritization_next_60d",
  "split_col": "snapshot_month",
  "selection_metric": "average_precision",
  "cutoff_date": "2025-04-01",
  "task_type": "classification",
  "sample_count": 715.0,
  "positive_count": 213.0,
  "positive_rate": 0.29790209790209793,
  "accuracy": 0.427972027972028,
  "balanced_accuracy": 0.5426276116192508,
  "precision": 0.32116788321167883,
  "recall": 0.8262910798122066,
  "f1": 0.46254927726675427,
  "roc_auc": 0.611820324336457,
  "average_precision": 0.4308887912831727
}