model_name,sample_count,positive_count,positive_rate,accuracy,balanced_accuracy,precision,recall,f1,roc_auc,average_precision
random_forest_classifier,715.0,213.0,0.29790209790209793,0.42657342657342656,0.540280193778875,0.31992687385740404,0.8215962441314554,0.4605263157894737,0.6099592241363185,0.429288937311923
logistic_regression,715.0,213.0,0.29790209790209793,0.46853146853146854,0.5012391747563736,0.2987951807228916,0.5821596244131455,0.39490445859872614,0.5250360062099022,0.3141662592940647
dummy_classifier,715.0,213.0,0.29790209790209793,0.29790209790209793,0.5,0.29790209790209793,1.0,0.45905172413793105,0.5,0.29790209790209793
