model_name,sample_count,positive_count,positive_rate,accuracy,balanced_accuracy,precision,recall,f1,roc_auc,average_precision
random_forest_classifier,715.0,213.0,0.29790209790209793,0.427972027972028,0.5426276116192508,0.32116788321167883,0.8262910798122066,0.46254927726675427,0.611820324336457,0.4308887912831727
logistic_regression,715.0,213.0,0.29790209790209793,0.4699300699300699,0.5035865925967492,0.3004807692307692,0.5868544600938967,0.397456279809221,0.5177880029179058,0.3157881354680134
dummy_classifier,715.0,213.0,0.29790209790209793,0.29790209790209793,0.5,0.29790209790209793,1.0,0.45905172413793105,0.5,0.29790209790209793
