{
  "best_model_name": "random_forest_classifier",
  "train_rows": 655,
  "test_rows": 485,
  "target_col": "label_counseling_progress_next_90d",
  "split_col": "snapshot_month",
  "selection_metric": "average_precision",
  "cutoff_date": "2025-04-01",
  "task_type": "classification",
  "sample_count": 485.0,
  "positive_count": 221.0,
  "positive_rate": 0.4556701030927835,
  "accuracy": 0.5154639175257731,
  "balanced_accuracy": 0.5110722610722611,
  "precision": 0.46788990825688076,
  "recall": 0.46153846153846156,
  "f1": 0.4646924829157175,
  "roc_auc": 0.5184252022487317,
  "average_precision": 0.5024179125798504
}