model_name,sample_count,positive_count,positive_rate,accuracy,balanced_accuracy,precision,recall,f1,roc_auc,average_precision
random_forest_classifier,485.0,221.0,0.4556701030927835,0.5154639175257731,0.5110722610722611,0.46788990825688076,0.46153846153846156,0.4646924829157175,0.5184252022487317,0.5024179125798504
logistic_regression,485.0,221.0,0.4556701030927835,0.5298969072164949,0.5099581790758261,0.47368421052631576,0.2850678733031674,0.3559322033898305,0.49557795146030437,0.4766523993027222
dummy_classifier,485.0,221.0,0.4556701030927835,0.4556701030927835,0.5,0.4556701030927835,1.0,0.6260623229461756,0.5,0.4556701030927835
