model_name,sample_count,positive_count,positive_rate,accuracy,balanced_accuracy,precision,recall,f1,roc_auc,average_precision
random_forest_classifier,485.0,221.0,0.4556701030927835,0.5154639175257731,0.5118092691622103,0.46846846846846846,0.47058823529411764,0.46952595936794583,0.5193164678458797,0.503712720069139
logistic_regression,485.0,221.0,0.4556701030927835,0.5381443298969072,0.519376456876457,0.4892086330935252,0.3076923076923077,0.37777777777777777,0.501131221719457,0.47702309494000183
dummy_classifier,485.0,221.0,0.4556701030927835,0.4556701030927835,0.5,0.4556701030927835,1.0,0.6260623229461756,0.5,0.4556701030927835
