{
  "best_model_name": "random_forest_classifier",
  "train_rows": 1282,
  "test_rows": 295,
  "target_col": "label_donor_upgrade_next_180d",
  "split_col": "snapshot_month",
  "selection_metric": "average_precision",
  "cutoff_date": "2025-04-01",
  "task_type": "classification",
  "sample_count": 295.0,
  "positive_count": 68.0,
  "positive_rate": 0.2305084745762712,
  "accuracy": 0.8542372881355932,
  "balanced_accuracy": 0.7147253174397512,
  "precision": 0.8378378378378378,
  "recall": 0.45588235294117646,
  "f1": 0.5904761904761905,
  "roc_auc": 0.8334736978491837,
  "average_precision": 0.7314213438331498
}