model_name,sample_count,positive_count,positive_rate,accuracy,balanced_accuracy,precision,recall,f1,roc_auc,average_precision
random_forest_classifier,295.0,68.0,0.2305084745762712,0.8542372881355932,0.7147253174397512,0.8378378378378378,0.45588235294117646,0.5904761904761905,0.8329554288675823,0.7300670378775117
logistic_regression,295.0,68.0,0.2305084745762712,0.7254237288135593,0.6258745789064524,0.410958904109589,0.4411764705882353,0.425531914893617,0.7168307851775071,0.4289426352738766
dummy_classifier,295.0,68.0,0.2305084745762712,0.7694915254237288,0.5,0.0,0.0,0.0,0.5,0.2305084745762712
