model_name,sample_count,positive_count,positive_rate,accuracy,balanced_accuracy,precision,recall,f1,roc_auc,average_precision
random_forest_classifier,295.0,68.0,0.2305084745762712,0.8542372881355932,0.7147253174397512,0.8378378378378378,0.45588235294117646,0.5904761904761905,0.8329554288675823,0.7300670378775117
logistic_regression,295.0,68.0,0.2305084745762712,0.7322033898305085,0.6354301632547292,0.4246575342465753,0.45588235294117646,0.4397163120567376,0.7089919668307851,0.4204649004208443
dummy_classifier,295.0,68.0,0.2305084745762712,0.7694915254237288,0.5,0.0,0.0,0.0,0.5,0.2305084745762712
