model_name,sample_count,positive_count,positive_rate,accuracy,balanced_accuracy,precision,recall,f1,roc_auc,average_precision
random_forest_classifier,295.0,68.0,0.2305084745762712,0.8542372881355932,0.7147253174397512,0.8378378378378378,0.45588235294117646,0.5904761904761905,0.8334736978491837,0.7314213438331498
logistic_regression,295.0,68.0,0.2305084745762712,0.7288135593220338,0.6383778180875874,0.42105263157894735,0.47058823529411764,0.4444444444444444,0.7211712878984193,0.4553857015563943
dummy_classifier,295.0,68.0,0.2305084745762712,0.7694915254237288,0.5,0.0,0.0,0.0,0.5,0.2305084745762712
