model_name,sample_count,mae,rmse,r2
random_forest_regressor,117.0,0.0,0.0,1.0
ridge_regression,117.0,0.0029343950161037375,0.003194548821660794,0.9999978131838199
dummy_regressor,117.0,1.7037037037037035,2.160246899469287,0.0
