model_name,sample_count,mae,rmse,r2
random_forest_regressor,117.0,0.0,0.0,1.0
ridge_regression,117.0,0.00790637294148596,0.00867761508838196,0.9999838640706524
dummy_regressor,117.0,1.7037037037037035,2.160246899469287,0.0
