{
  "best_model_name": "random_forest_classifier",
  "train_rows": 756,
  "test_rows": 715,
  "target_col": "label_case_prioritization_next_60d",
  "split_col": "snapshot_month",
  "selection_metric": "average_precision",
  "cutoff_date": "2025-04-01",
  "task_type": "classification",
  "sample_count": 715.0,
  "positive_count": 213.0,
  "positive_rate": 0.29790209790209793,
  "accuracy": 0.42657342657342656,
  "balanced_accuracy": 0.540280193778875,
  "precision": 0.31992687385740404,
  "recall": 0.8215962441314554,
  "f1": 0.4605263157894737,
  "roc_auc": 0.6099592241363185,
  "average_precision": 0.429288937311923
}