{
  "pipeline_name": "case_prioritization",
  "target_col": "label_case_prioritization_next_60d",
  "split_col": "snapshot_month",
  "evaluation_rows": 1471,
  "metrics": {
    "sample_count": 1471.0,
    "positive_count": 638.0,
    "positive_rate": 0.433718558803535,
    "accuracy": 0.7212780421481985,
    "balanced_accuracy": 0.7469301200103866,
    "precision": 0.6172839506172839,
    "recall": 0.9404388714733543,
    "f1": 0.7453416149068323,
    "roc_auc": 0.9201840610852492,
    "average_precision": 0.92011012891761
  },
  "calibration": {
    "sample_count": 1471.0,
    "positive_rate": 0.433718558803535,
    "mean_score": 0.562569680489463,
    "brier_score": 0.14831774303195108,
    "expected_calibration_error": 0.20370496261046908,
    "bin_count": 10.0
  }
}