{
  "best_model_name": "random_forest_classifier",
  "train_rows": 655,
  "test_rows": 485,
  "target_col": "label_counseling_progress_next_90d",
  "split_col": "snapshot_month",
  "selection_metric": "average_precision",
  "cutoff_date": "2025-04-01",
  "sample_count": 485.0,
  "positive_count": 221.0,
  "positive_rate": 0.4556701030927835,
  "accuracy": 0.5154639175257731,
  "balanced_accuracy": 0.5118092691622103,
  "precision": 0.46846846846846846,
  "recall": 0.47058823529411764,
  "f1": 0.46952595936794583,
  "roc_auc": 0.5193164678458797,
  "average_precision": 0.503712720069139
}