{
  "pipeline_name": "education_improvement",
  "target_col": "label_education_improvement_next_120d",
  "split_col": "snapshot_month",
  "evaluation_rows": 1409,
  "metrics": {
    "sample_count": 1409.0,
    "positive_count": 362.0,
    "positive_rate": 0.25691980127750175,
    "accuracy": 0.9169623846699787,
    "balanced_accuracy": 0.907075991915866,
    "precision": 0.8085642317380353,
    "recall": 0.8867403314917127,
    "f1": 0.8458498023715415,
    "roc_auc": 0.9746341823784874,
    "average_precision": 0.9188410619326717
  },
  "calibration": {
    "sample_count": 1409.0,
    "positive_rate": 0.25691980127750175,
    "mean_score": 0.27526179409908763,
    "brier_score": 0.0565109054596793,
    "expected_calibration_error": 0.018341992821585863,
    "bin_count": 10.0
  }
}