{
  "pipeline_name": "home_visitation_outcome",
  "target_col": "label_supportive_home_visit_next_120d",
  "split_col": "snapshot_month",
  "evaluation_rows": 1039,
  "metrics": {
    "sample_count": 1039.0,
    "positive_count": 232.0,
    "positive_rate": 0.22329162656400384,
    "accuracy": 0.7767083734359962,
    "balanced_accuracy": 0.5,
    "precision": 0.0,
    "recall": 0.0,
    "f1": 0.0,
    "roc_auc": 0.5,
    "average_precision": 0.22329162656400384
  },
  "calibration": {
    "sample_count": 1039.0,
    "positive_rate": 0.22329162656400384,
    "mean_score": 0.227124183006536,
    "brier_score": 0.17344716455929052,
    "expected_calibration_error": 0.003832556442532109,
    "bin_count": 1.0
  }
}