pipeline_name,best_model_name,train_rows,test_rows,sample_count,positive_count,positive_rate,accuracy,balanced_accuracy,precision,recall,f1,roc_auc,average_precision,mae,rmse,r2
best_posting_time,logistic_regression,649,163,163.0,104.0,0.6380368098159509,0.6687116564417178,0.6633800521512385,0.7717391304347826,0.6826923076923077,0.7244897959183674,0.7291395045632334,0.8213718932202051,,,
donor_upgrade,random_forest_classifier,1282,295,295.0,68.0,0.2305084745762712,0.8542372881355932,0.7147253174397512,0.8378378378378378,0.45588235294117646,0.5904761904761905,0.8334736978491837,0.7314213438331498,,,
next_donation_amount,random_forest_regressor,583,134,134.0,,,,,,,,,,437.60963171641754,598.0091226390209,0.5064004971963961
