pipeline_name,model_name,sample_count,positive_rate,mean_score,brier_score,expected_calibration_error,bin_count
donor_retention,logistic_regression,12.0,0.5,0.3485512734977331,0.15426925105155417,0.20016251733470133,10.0
reintegration_readiness,random_forest_classifier,777.0,0.011583011583011582,0.019330759330759333,0.011881274131274133,0.011248391248391248,7.0
resident_risk,logistic_regression,777.0,0.04633204633204633,0.17282156949481842,0.08250601350680305,0.1264895231627721,10.0
social_media_conversion,random_forest_classifier,163.0,0.6380368098159509,0.659478527607362,0.05820720858895705,0.06622699386503064,10.0
