{
  "pipeline_name": "resident_risk",
  "target_col": "label_incident_next_30d",
  "split_col": "snapshot_month",
  "evaluation_rows": 1533,
  "metrics": {
    "sample_count": 1533.0,
    "positive_count": 93.0,
    "positive_rate": 0.060665362035225046,
    "accuracy": 0.812133072407045,
    "balanced_accuracy": 0.7088933691756272,
    "precision": 0.18032786885245902,
    "recall": 0.5913978494623656,
    "f1": 0.27638190954773867,
    "roc_auc": 0.7923237753882916,
    "average_precision": 0.1816541941239283
  },
  "calibration": {
    "sample_count": 1533.0,
    "positive_rate": 0.060665362035225046,
    "mean_score": 0.2661587003434297,
    "brier_score": 0.13363402329370264,
    "expected_calibration_error": 0.2054962872282638,
    "bin_count": 10.0
  }
}