{
  "best_model_name": "logistic_regression",
  "train_rows": 756,
  "test_rows": 777,
  "target_col": "label_incident_next_30d",
  "split_col": "snapshot_month",
  "selection_metric": "average_precision",
  "cutoff_date": "2025-04-01",
  "task_type": "classification",
  "sample_count": 777.0,
  "positive_count": 36.0,
  "positive_rate": 0.04633204633204633,
  "accuracy": 0.8571428571428571,
  "balanced_accuracy": 0.5683198380566802,
  "precision": 0.0967741935483871,
  "recall": 0.25,
  "f1": 0.13953488372093023,
  "roc_auc": 0.7676938071674914,
  "average_precision": 0.12593601684817418
}