model_name,sample_count,positive_count,positive_rate,accuracy,balanced_accuracy,precision,recall,f1,roc_auc,average_precision
logistic_regression,653.0,47.0,0.07197549770290965,0.9540581929555896,0.8476757250193105,0.6666666666666666,0.723404255319149,0.6938775510204082,0.9838143388806966,0.801761678983835
random_forest_classifier,653.0,47.0,0.07197549770290965,0.9601837672281777,0.8117231935959554,0.7692307692307693,0.6382978723404256,0.6976744186046512,0.9836914542518082,0.7777661503195388
dummy_classifier,653.0,47.0,0.07197549770290965,0.9280245022970903,0.5,0.0,0.0,0.0,0.5,0.07197549770290965
