model_name,sample_count,positive_count,positive_rate,accuracy,balanced_accuracy,precision,recall,f1,roc_auc,average_precision
logistic_regression,653.0,47.0,0.07197549770290965,0.9571209800918836,0.8591391053999017,0.6862745098039216,0.7446808510638298,0.7142857142857143,0.9841303279264098,0.8045457485928328
random_forest_classifier,653.0,47.0,0.07197549770290965,0.9617151607963247,0.8223614914682957,0.775,0.6595744680851063,0.7126436781609196,0.9834807948879993,0.775911192314689
dummy_classifier,653.0,47.0,0.07197549770290965,0.9280245022970903,0.5,0.0,0.0,0.0,0.5,0.07197549770290965
