model_name,sample_count,positive_count,positive_rate,accuracy,balanced_accuracy,precision,recall,f1,roc_auc,average_precision
dummy_classifier,427.0,93.0,0.21779859484777517,0.7822014051522248,0.5,0.0,0.0,0.0,0.5,0.21779859484777517
logistic_regression,427.0,93.0,0.21779859484777517,0.5573770491803278,0.5230989633635954,0.23626373626373626,0.46236559139784944,0.31272727272727274,0.5095937157942181,0.21483395891679993
random_forest_classifier,427.0,93.0,0.21779859484777517,0.7822014051522248,0.5,0.0,0.0,0.0,0.45941986993754425,0.2042784212722768
