model_name,sample_count,positive_count,positive_rate,accuracy,balanced_accuracy,precision,recall,f1,roc_auc,average_precision
dummy_classifier,427.0,93.0,0.21779859484777517,0.7822014051522248,0.5,0.0,0.0,0.0,0.5,0.21779859484777517
logistic_regression,427.0,93.0,0.21779859484777517,0.5480093676814989,0.513231601313502,0.22826086956521738,0.45161290322580644,0.30324909747292417,0.5084025497392313,0.21261165510105168
random_forest_classifier,427.0,93.0,0.21779859484777517,0.7822014051522248,0.5,0.0,0.0,0.0,0.4602408087051703,0.19962167546526066
