{
  "best_model_name": "logistic_regression",
  "train_rows": 649,
  "test_rows": 163,
  "target_col": "label_donation_referral_positive",
  "split_col": "created_at",
  "selection_metric": "average_precision",
  "cutoff_date": null,
  "task_type": "classification",
  "sample_count": 163.0,
  "positive_count": 104.0,
  "positive_rate": 0.6380368098159509,
  "accuracy": 0.6687116564417178,
  "balanced_accuracy": 0.6633800521512385,
  "precision": 0.7717391304347826,
  "recall": 0.6826923076923077,
  "f1": 0.7244897959183674,
  "roc_auc": 0.7337027379400259,
  "average_precision": 0.8252179075318259
}