model_name,sample_count,positive_count,positive_rate,accuracy,balanced_accuracy,precision,recall,f1,roc_auc,average_precision
logistic_regression,163.0,104.0,0.6380368098159509,0.6748466257668712,0.6645208604954367,0.7684210526315789,0.7019230769230769,0.7336683417085427,0.735006518904824,0.8265668060372122
random_forest_classifier,163.0,104.0,0.6380368098159509,0.7423312883435583,0.6990710560625815,0.7672413793103449,0.8557692307692307,0.8090909090909091,0.7712679269882661,0.8187228111281531
dummy_classifier,163.0,104.0,0.6380368098159509,0.6380368098159509,0.5,0.6380368098159509,1.0,0.7790262172284644,0.5,0.6380368098159509
