model_name,sample_count,positive_count,positive_rate,accuracy,balanced_accuracy,precision,recall,f1,roc_auc,average_precision
logistic_regression,163.0,104.0,0.6380368098159509,0.6687116564417178,0.6633800521512385,0.7717391304347826,0.6826923076923077,0.7244897959183674,0.7337027379400259,0.8252179075318259
random_forest_classifier,163.0,104.0,0.6380368098159509,0.7423312883435583,0.6990710560625815,0.7672413793103449,0.8557692307692307,0.8090909090909091,0.7712679269882661,0.8187228111281531
dummy_classifier,163.0,104.0,0.6380368098159509,0.6380368098159509,0.5,0.6380368098159509,1.0,0.7790262172284644,0.5,0.6380368098159509
