model_name,sample_count,positive_count,positive_rate,accuracy,balanced_accuracy,precision,recall,f1,roc_auc,average_precision
logistic_regression,163.0,104.0,0.6380368098159509,0.6687116564417178,0.6633800521512385,0.7717391304347826,0.6826923076923077,0.7244897959183674,0.7291395045632334,0.8213718932202051
random_forest_classifier,163.0,104.0,0.6380368098159509,0.7361963190184049,0.690596479791395,0.7606837606837606,0.8557692307692307,0.8054298642533937,0.7707790091264667,0.8184073748736411
dummy_classifier,163.0,104.0,0.6380368098159509,0.6380368098159509,0.5,0.6380368098159509,1.0,0.7790262172284644,0.5,0.6380368098159509
