{
  "best_model_name": "random_forest_classifier",
  "train_rows": 649,
  "test_rows": 163,
  "target_col": "label_donation_referral_positive",
  "split_col": "created_at",
  "selection_metric": "average_precision",
  "cutoff_date": null,
  "task_type": "classification",
  "sample_count": 163.0,
  "positive_count": 104.0,
  "positive_rate": 0.6380368098159509,
  "accuracy": 0.9386503067484663,
  "balanced_accuracy": 0.9335886571056062,
  "precision": 0.9519230769230769,
  "recall": 0.9519230769230769,
  "f1": 0.9519230769230769,
  "roc_auc": 0.9760430247718384,
  "average_precision": 0.9840974061291015
}