model_name,sample_count,positive_count,positive_rate,accuracy,balanced_accuracy,precision,recall,f1,roc_auc,average_precision
random_forest_classifier,163.0,104.0,0.6380368098159509,0.9386503067484663,0.9335886571056062,0.9519230769230769,0.9519230769230769,0.9519230769230769,0.9760430247718385,0.984028903416911
logistic_regression,163.0,104.0,0.6380368098159509,0.8466257668711656,0.843138852672751,0.898989898989899,0.8557692307692307,0.8768472906403941,0.9172099087353325,0.9523076078333438
dummy_classifier,163.0,104.0,0.6380368098159509,0.6380368098159509,0.5,0.6380368098159509,1.0,0.7790262172284644,0.5,0.6380368098159509
