model_name,sample_count,positive_count,positive_rate,accuracy,balanced_accuracy,precision,recall,f1,roc_auc,average_precision
random_forest_classifier,163.0,104.0,0.6380368098159509,0.9386503067484663,0.9335886571056062,0.9519230769230769,0.9519230769230769,0.9519230769230769,0.9760430247718384,0.9840974061291015
logistic_regression,163.0,104.0,0.6380368098159509,0.9202453987730062,0.9118318122555411,0.9333333333333333,0.9423076923076923,0.937799043062201,0.966264667535854,0.9814929197668609
dummy_classifier,163.0,104.0,0.6380368098159509,0.6380368098159509,0.5,0.6380368098159509,1.0,0.7790262172284644,0.5,0.6380368098159509
