model_name,sample_count,positive_count,positive_rate,accuracy,balanced_accuracy,precision,recall,f1,roc_auc,average_precision
random_forest_classifier,777.0,9.0,0.011583011583011582,0.9884169884169884,0.5,0.0,0.0,0.0,0.7996961805555556,0.030480568525577022
dummy_classifier,777.0,9.0,0.011583011583011582,0.9884169884169884,0.5,0.0,0.0,0.0,0.5,0.011583011583011582
logistic_regression,777.0,9.0,0.011583011583011582,0.5160875160875161,0.3708767361111111,0.005390835579514825,0.2222222222222222,0.010526315789473684,0.45891203703703703,0.011002327718429655
