model_name,sample_count,positive_count,positive_rate,accuracy,balanced_accuracy,precision,recall,f1,roc_auc,average_precision
random_forest_classifier,777.0,9.0,0.011583011583011582,0.9884169884169884,0.5,0.0,0.0,0.0,0.7612123842592592,0.0711169532172356
dummy_classifier,777.0,9.0,0.011583011583011582,0.9884169884169884,0.5,0.0,0.0,0.0,0.5,0.011583011583011582
logistic_regression,777.0,9.0,0.011583011583011582,0.5405405405405406,0.43815104166666663,0.00847457627118644,0.3333333333333333,0.01652892561983471,0.48336226851851855,0.011570939089701374
