{
  "best_model_name": "logistic_regression",
  "train_rows": 756,
  "test_rows": 777,
  "target_col": "label_incident_next_30d",
  "split_col": "snapshot_month",
  "selection_metric": "average_precision",
  "cutoff_date": "2025-04-01",
  "task_type": "classification",
  "sample_count": 777.0,
  "positive_count": 36.0,
  "positive_rate": 0.04633204633204633,
  "accuracy": 0.8584298584298584,
  "balanced_accuracy": 0.5822087269455691,
  "precision": 0.10638297872340426,
  "recall": 0.2777777777777778,
  "f1": 0.15384615384615385,
  "roc_auc": 0.7580971659919028,
  "average_precision": 0.1231033816134102
}