model_name,sample_count,positive_count,positive_rate,accuracy,balanced_accuracy,precision,recall,f1,roc_auc,average_precision
logistic_regression,777.0,36.0,0.04633204633204633,0.8584298584298584,0.5822087269455691,0.10638297872340426,0.2777777777777778,0.15384615384615385,0.7580971659919028,0.1231033816134102
random_forest_classifier,777.0,36.0,0.04633204633204633,0.9536679536679536,0.5,0.0,0.0,0.0,0.6242502624081572,0.07516792122615273
dummy_classifier,777.0,36.0,0.04633204633204633,0.9536679536679536,0.5,0.0,0.0,0.0,0.5,0.04633204633204633
