model_name,sample_count,positive_count,positive_rate,accuracy,balanced_accuracy,precision,recall,f1,roc_auc,average_precision
logistic_regression,777.0,36.0,0.04633204633204633,0.8918918918918919,0.692251461988304,0.2073170731707317,0.4722222222222222,0.288135593220339,0.905982905982906,0.22958721784818312
random_forest_classifier,777.0,36.0,0.04633204633204633,0.9536679536679536,0.5,0.0,0.0,0.0,0.8501274553906134,0.1829102194115091
dummy_classifier,777.0,36.0,0.04633204633204633,0.9536679536679536,0.5,0.0,0.0,0.0,0.5,0.04633204633204633
