model_name,sample_count,positive_count,positive_rate,accuracy,balanced_accuracy,precision,recall,f1,roc_auc,average_precision
logistic_regression,12.0,6.0,0.5,0.75,0.75,0.8,0.6666666666666666,0.7272727272727273,0.8333333333333333,0.8634920634920633
random_forest_classifier,12.0,6.0,0.5,0.5833333333333334,0.5833333333333333,0.6,0.5,0.5454545454545454,0.5555555555555556,0.6603535353535354
dummy_classifier,12.0,6.0,0.5,0.5,0.5,0.0,0.0,0.0,0.5,0.5
