model_name,sample_count,positive_count,positive_rate,accuracy,balanced_accuracy,precision,recall,f1,roc_auc,average_precision
logistic_regression,12.0,6.0,0.5,0.8333333333333334,0.8333333333333333,1.0,0.6666666666666666,0.8,0.8055555555555556,0.8888888888888888
random_forest_classifier,12.0,6.0,0.5,0.5833333333333334,0.5833333333333333,0.6,0.5,0.5454545454545454,0.5277777777777777,0.6353535353535353
dummy_classifier,12.0,6.0,0.5,0.5,0.5,0.0,0.0,0.0,0.5,0.5
