model_name,sample_count,mae,rmse,r2
random_forest_regressor,134.0,437.60963171641754,598.0091226390209,0.5064004971963961
ridge_regression,134.0,685.3181297600803,839.4695322423394,0.027322271175945434
dummy_regressor,134.0,636.5082419804921,851.1785017346104,-8.918511884559166e-07
