model_name,sample_count,mae,rmse,r2
random_forest_regressor,134.0,437.8245518656713,599.2339849490929,0.5043764123570644
dummy_regressor,134.0,636.5082419804921,851.1785017346104,-8.918511884559166e-07
ridge_regression,134.0,701.3670055783963,854.1324908530939,-0.006953881420985075
